index,target,label,adminKeyScore,multisigScore,timelockScore,oracleAuthorityScore,crossExposureScore,compositeScore
0,0x3c3d99FD298f679DBC2CEcd132b4eC4d0F5e6e72,GMX V2 RoleStore,10,0,60,100,100,22
1,0x1a3c9B1d2F0529D97f2afC5136Cc23e58f1FD35B,Camelot AMMv3 Factory,50,35,0,100,100,31
2,0xE23B4AE3624fB6f7cDEF29bC8EAD912f1Ede6886,Radiant LendingPool,55,100,55,100,100,69
3,0x423552c0F05baCCac5Bfa91C6dCF1dc53a0A1641,Arbitrum Security Council Emergency Safe,55,100,40,100,100,64
4,0xa97684ead0e402dC232d5A977953DF7ECBaB3CDb,Aave V3 Pool (PoolAddressesProvider),65,100,50,100,80,71
5,0x9c4ec768c28520B50860ea7a15bd7213a9fF58bf,Compound V3 Comet USDC,75,100,65,100,100,80
6,0x888888888889758F76e7103c6CbF23ABbF58F946,Pendle V2 Router + MarketFactoryV6,65,55,0,100,60,43
7,0x52Aa899454998Be5b000Ad077a46Bbe360F4e497,Fluid Liquidity,65,55,55,100,80,59
8,0x1F98431c8aD98523631AE4a59f267346ea31F984,Uniswap V3 Factory,80,100,75,100,100,85
