index,target,adminKey,multisig,timelock,oracleAuthority,crossExposure,composite,lastUpdated,methodologyHash
0,0xBBBBBbbBBb9cC5e90e3b3Af64bdAF62C37EEFFCb,65,95,0,100,80,55,1789835617,0x758072e35c77f0ad21afcf9baa2a5508bfbdbd2d0391c5704b6302cb74e7cb34
1,0xe20fCBdBfFC4Dd138cE8b2E6FBb6CB49777ad64D,65,100,50,100,80,71,1789835617,0x758072e35c77f0ad21afcf9baa2a5508bfbdbd2d0391c5704b6302cb74e7cb34
2,0x420DD381b31aEf6683db6B902084cB0FFECe40Da,65,65,0,100,80,46,1789835617,0x758072e35c77f0ad21afcf9baa2a5508bfbdbd2d0391c5704b6302cb74e7cb34
3,0x33128a8fC17869897dcE68Ed026d694621f6FDfD,80,100,75,100,100,85,1789835617,0x758072e35c77f0ad21afcf9baa2a5508bfbdbd2d0391c5704b6302cb74e7cb34
4,0xb125E6687d4313864e53df431d5425969c15Eb2F,75,100,65,100,100,80,1789835617,0x758072e35c77f0ad21afcf9baa2a5508bfbdbd2d0391c5704b6302cb74e7cb34
5,0x5e7BB104d84c7CB9B682AaC2F3d509f5F406809A,65,65,0,100,80,46,1789835617,0x758072e35c77f0ad21afcf9baa2a5508bfbdbd2d0391c5704b6302cb74e7cb34
6,0x8909Dc15e40173Ff4699343b6eB8132c65e18eC6,80,100,75,100,100,85,1789835617,0x758072e35c77f0ad21afcf9baa2a5508bfbdbd2d0391c5704b6302cb74e7cb34
7,0x498581fF718922c3f8e6A244956aF099B2652b2b,80,100,75,100,100,85,1789835617,0x758072e35c77f0ad21afcf9baa2a5508bfbdbd2d0391c5704b6302cb74e7cb34
8,0xfBb21d0380beE3312B33c4353c8936a0F13EF26C,65,100,50,100,100,71,1789835617,0x758072e35c77f0ad21afcf9baa2a5508bfbdbd2d0391c5704b6302cb74e7cb34
